name,logo,countries,fields
Alice Smith1,https://t0.gstatic.com/images?q=tbn:ANd9GcS7La67pwXxpB3SRfeDWGvS_6ZHWA4pWIpmvPnmHotqQZEgDbFIXBWFybdQ_ADy6twwrTIl,USA,Biology
Alice Smith2,https://t0.gstatic.com/images?q=tbn:ANd9GcS7La67pwXxpB3SRfeDWGvS_6ZHWA4pWIpmvPnmHotqQZEgDbFIXBWFybdQ_ADy6twwrTIl,Canada,Chemistry
Alice Smith3,https://t0.gstatic.com/images?q=tbn:ANd9GcS7La67pwXxpB3SRfeDWGvS_6ZHWA4pWIpmvPnmHotqQZEgDbFIXBWFybdQ_ADy6twwrTIl,USA,Biology
Alice Smith4,https://t0.gstatic.com/images?q=tbn:ANd9GcS7La67pwXxpB3SRfeDWGvS_6ZHWA4pWIpmvPnmHotqQZEgDbFIXBWFybdQ_ADy6twwrTIl,Canada,Chemistry
Alice Smith5,https://t0.gstatic.com/images?q=tbn:ANd9GcS7La67pwXxpB3SRfeDWGvS_6ZHWA4pWIpmvPnmHotqQZEgDbFIXBWFybdQ_ADy6twwrTIl,USA,Biology
Alice Smith6,https://t0.gstatic.com/images?q=tbn:ANd9GcS7La67pwXxpB3SRfeDWGvS_6ZHWA4pWIpmvPnmHotqQZEgDbFIXBWFybdQ_ADy6twwrTIl,Canada,Chemistry
Alice Smith7,https://t0.gstatic.com/images?q=tbn:ANd9GcS7La67pwXxpB3SRfeDWGvS_6ZHWA4pWIpmvPnmHotqQZEgDbFIXBWFybdQ_ADy6twwrTIl,USA,Biology
Alice Smith8,https://t0.gstatic.com/images?q=tbn:ANd9GcS7La67pwXxpB3SRfeDWGvS_6ZHWA4pWIpmvPnmHotqQZEgDbFIXBWFybdQ_ADy6twwrTIl,Canada,Chemistry
Alice Smith9,https://t0.gstatic.com/images?q=tbn:ANd9GcS7La67pwXxpB3SRfeDWGvS_6ZHWA4pWIpmvPnmHotqQZEgDbFIXBWFybdQ_ADy6twwrTIl,USA,Biology
Alice Smith1,https://t0.gstatic.com/images?q=tbn:ANd9GcS7La67pwXxpB3SRfeDWGvS_6ZHWA4pWIpmvPnmHotqQZEgDbFIXBWFybdQ_ADy6twwrTIl,USA,Biology
Alice Smith2,https://t0.gstatic.com/images?q=tbn:ANd9GcS7La67pwXxpB3SRfeDWGvS_6ZHWA4pWIpmvPnmHotqQZEgDbFIXBWFybdQ_ADy6twwrTIl,Canada,Chemistry
Alice Smith3,https://t0.gstatic.com/images?q=tbn:ANd9GcS7La67pwXxpB3SRfeDWGvS_6ZHWA4pWIpmvPnmHotqQZEgDbFIXBWFybdQ_ADy6twwrTIl,USA,Biology
Alice Smith4,https://t0.gstatic.com/images?q=tbn:ANd9GcS7La67pwXxpB3SRfeDWGvS_6ZHWA4pWIpmvPnmHotqQZEgDbFIXBWFybdQ_ADy6twwrTIl,Canada,Chemistry
Alice Smith5,https://t0.gstatic.com/images?q=tbn:ANd9GcS7La67pwXxpB3SRfeDWGvS_6ZHWA4pWIpmvPnmHotqQZEgDbFIXBWFybdQ_ADy6twwrTIl,USA,Biology
Alice Smith6,https://t0.gstatic.com/images?q=tbn:ANd9GcS7La67pwXxpB3SRfeDWGvS_6ZHWA4pWIpmvPnmHotqQZEgDbFIXBWFybdQ_ADy6twwrTIl,Canada,Chemistry
Alice Smith7,https://t0.gstatic.com/images?q=tbn:ANd9GcS7La67pwXxpB3SRfeDWGvS_6ZHWA4pWIpmvPnmHotqQZEgDbFIXBWFybdQ_ADy6twwrTIl,USA,Biology
Alice Smith8,https://t0.gstatic.com/images?q=tbn:ANd9GcS7La67pwXxpB3SRfeDWGvS_6ZHWA4pWIpmvPnmHotqQZEgDbFIXBWFybdQ_ADy6twwrTIl,Canada,Chemistry
Alice Smith9,https://t0.gstatic.com/images?q=tbn:ANd9GcS7La67pwXxpB3SRfeDWGvS_6ZHWA4pWIpmvPnmHotqQZEgDbFIXBWFybdQ_ADy6twwrTIl,USA,Biology
Alice Smith1,https://t0.gstatic.com/images?q=tbn:ANd9GcS7La67pwXxpB3SRfeDWGvS_6ZHWA4pWIpmvPnmHotqQZEgDbFIXBWFybdQ_ADy6twwrTIl,USA,Biology
Alice Smith2,https://t0.gstatic.com/images?q=tbn:ANd9GcS7La67pwXxpB3SRfeDWGvS_6ZHWA4pWIpmvPnmHotqQZEgDbFIXBWFybdQ_ADy6twwrTIl,Canada,Chemistry
Alice Smith3,https://t0.gstatic.com/images?q=tbn:ANd9GcS7La67pwXxpB3SRfeDWGvS_6ZHWA4pWIpmvPnmHotqQZEgDbFIXBWFybdQ_ADy6twwrTIl,USA,Biology
Alice Smith4,https://t0.gstatic.com/images?q=tbn:ANd9GcS7La67pwXxpB3SRfeDWGvS_6ZHWA4pWIpmvPnmHotqQZEgDbFIXBWFybdQ_ADy6twwrTIl,Canada,Chemistry
Alice Smith5,https://t0.gstatic.com/images?q=tbn:ANd9GcS7La67pwXxpB3SRfeDWGvS_6ZHWA4pWIpmvPnmHotqQZEgDbFIXBWFybdQ_ADy6twwrTIl,USA,Biology
Alice Smith6,https://t0.gstatic.com/images?q=tbn:ANd9GcS7La67pwXxpB3SRfeDWGvS_6ZHWA4pWIpmvPnmHotqQZEgDbFIXBWFybdQ_ADy6twwrTIl,Canada,Chemistry
Alice Smith7,https://t0.gstatic.com/images?q=tbn:ANd9GcS7La67pwXxpB3SRfeDWGvS_6ZHWA4pWIpmvPnmHotqQZEgDbFIXBWFybdQ_ADy6twwrTIl,USA,Biology
Alice Smith8,https://t0.gstatic.com/images?q=tbn:ANd9GcS7La67pwXxpB3SRfeDWGvS_6ZHWA4pWIpmvPnmHotqQZEgDbFIXBWFybdQ_ADy6twwrTIl,Canada,Chemistry
Alice Smith9,https://t0.gstatic.com/images?q=tbn:ANd9GcS7La67pwXxpB3SRfeDWGvS_6ZHWA4pWIpmvPnmHotqQZEgDbFIXBWFybdQ_ADy6twwrTIl,USA,Biology
Alice Smith1,https://t0.gstatic.com/images?q=tbn:ANd9GcS7La67pwXxpB3SRfeDWGvS_6ZHWA4pWIpmvPnmHotqQZEgDbFIXBWFybdQ_ADy6twwrTIl,USA,Biology
Alice Smith2,https://t0.gstatic.com/images?q=tbn:ANd9GcS7La67pwXxpB3SRfeDWGvS_6ZHWA4pWIpmvPnmHotqQZEgDbFIXBWFybdQ_ADy6twwrTIl,Canada,Chemistry
Alice Smith3,https://t0.gstatic.com/images?q=tbn:ANd9GcS7La67pwXxpB3SRfeDWGvS_6ZHWA4pWIpmvPnmHotqQZEgDbFIXBWFybdQ_ADy6twwrTIl,USA,Biology
Alice Smith4,https://t0.gstatic.com/images?q=tbn:ANd9GcS7La67pwXxpB3SRfeDWGvS_6ZHWA4pWIpmvPnmHotqQZEgDbFIXBWFybdQ_ADy6twwrTIl,Canada,Chemistry
Alice Smith5,https://t0.gstatic.com/images?q=tbn:ANd9GcS7La67pwXxpB3SRfeDWGvS_6ZHWA4pWIpmvPnmHotqQZEgDbFIXBWFybdQ_ADy6twwrTIl,USA,Biology
Alice Smith6,https://t0.gstatic.com/images?q=tbn:ANd9GcS7La67pwXxpB3SRfeDWGvS_6ZHWA4pWIpmvPnmHotqQZEgDbFIXBWFybdQ_ADy6twwrTIl,Canada,Chemistry
Alice Smith7,https://t0.gstatic.com/images?q=tbn:ANd9GcS7La67pwXxpB3SRfeDWGvS_6ZHWA4pWIpmvPnmHotqQZEgDbFIXBWFybdQ_ADy6twwrTIl,USA,Biology
Alice Smith8,https://t0.gstatic.com/images?q=tbn:ANd9GcS7La67pwXxpB3SRfeDWGvS_6ZHWA4pWIpmvPnmHotqQZEgDbFIXBWFybdQ_ADy6twwrTIl,Canada,Chemistry
Alice Smith9,https://t0.gstatic.com/images?q=tbn:ANd9GcS7La67pwXxpB3SRfeDWGvS_6ZHWA4pWIpmvPnmHotqQZEgDbFIXBWFybdQ_ADy6twwrTIl,USA,Biology